year,date,time,week,roadlast,roadnext,roadteam,roadmore,roadfirst,roadsecond,roadfirsthalf,roadthird,roadforth,roadot,homenext,homenextfly,homelast,homelastfly,hometeam,homemore,homefirst,homesecond,homefirsthalf,homethird,homeforth,homeot,homediff,roadtotal,hometotal,total,firstpoint,secondpoint,totalpoint,firstlinetotal,secondlinetotal,fglinetotal,firstside,secondside,fgside,awaylastfly,awaynextfly,away_win_rank,away_ppg_rank,away_oppppg_rank,home_win_rank,home_ppg_rank,home_oppppg_rank,firstou,secondou,totalou,hometeamlastgame,roadteamlastgame,pace,away_ortg,home_ortg,away_last_home,away_next_home,offset_one,offset_two,firstvalue,secondvalue,totalvalue,first_half_bigger,second_half_bigger,fullgame_bigger
2018,10-Dec,07:00PM,Mon,1,1,Washington,EASTERN,33,17,50,25,26,0,1,NO,1,NO,Indiana,EASTERN,29,30,59,28,22,0,9,101,109,210,109,101,210,109.5,106.5,216,-3,-1,-6,NO,YES,22,11,2,6,25,30,under,under,under,NO,NO,101.6,99.4,107.3,8,1,-11.73,-11.13,97.27,89.87,187.14,HOME,AWAY,HOME
2018,10-Dec,07:00PM,Mon,0,1,Detroit,EASTERN,29,18,47,29,26,0,1,NO,2,YES,Philadelphia,EASTERN,38,18,56,31,29,0,9,102,116,218,103,115,218,112.5,105.5,218,-7,-2.5,-11.5,YES,NO,20,18,17,3,8,10,under,over,0,NO,NO,97.7,104.4,118.8,0,4,-11.73,-11.13,91.27,103.87,195.14,HOME,HOME,HOME
2018,10-Dec,07:30PM,Mon,0,1,New Orleans,CENTRAL,21,32,53,19,28,0,1,YES,1,YES,Boston,EASTERN,28,31,59,24,30,0,6,100,113,213,112,101,213,113.5,109,222.5,-1,1.5,-2.5,NO,YES,13,2,3,10,13,29,under,under,under,NO,NO,98.2,101.8,115.1,2,1,-11.73,-11.13,100.27,89.87,190.14,HOME,HOME,HOME
2018,10-Dec,07:00PM,Mon,1,1,Sacramento,PACIFIC,26,19,45,36,27,0,2,YES,1,NO,Chicago,CENTRAL,33,23,56,18,15,0,11,108,89,197,101,96,197,117.5,110,227,1,4,2,NO,YES,14,6,5,27,30,8,under,under,under,NO,NO,99.1,109,89.8,8,1,-11.73,-11.13,89.27,84.87,174.14,HOME,AWAY,AWAY
2018,10-Dec,07:00PM,Mon,1,1,Cleveland,EASTERN,18,23,41,25,26,0,1,YES,0,YES,Milwaukee,CENTRAL,31,28,59,25,24,0,18,92,108,200,100,100,200,111.5,105,217,-6,0,-10,YES,YES,28,28,11,5,1,20,under,under,under,NO,NO,101,91.1,106.9,1,1,-11.73,-11.13,88.27,88.87,177.14,HOME,AWAY,HOME
2018,10-Dec,07:00PM,Mon,0,1,Utah,MOUNTAIN,22,24,46,29,38,0,1,YES,2,YES,Oklahoma City,CENTRAL,30,27,57,42,23,0,11,113,122,235,103,132,235,104.5,112,218,-3,0.5,-5,NO,YES,16,24,24,9,12,26,under,over,over,NO,NO,105.2,107.4,116,3,1,-11.73,-11.13,91.27,120.87,212.14,HOME,AWAY,HOME
2018,10-Dec,07:30PM,Mon,2,2,Orlando,EASTERN,19,21,40,13,23,0,1,NO,1,NO,Dallas,CENTRAL,24,28,52,23,26,0,12,76,101,177,92,85,177,106.5,103.5,210,-2,1,-5,YES,YES,21,26,23,15,15,22,under,under,under,NO,NO,95.6,79.5,105.7,2,2,-11.73,-11.13,80.27,73.87,154.14,HOME,HOME,HOME
2018,10-Dec,07:00PM,Mon,1,1,Memphis,CENTRAL,22,28,50,33,16,0,3,NO,1,YES,Denver,MOUNTAIN,26,29,55,29,21,0,5,99,105,204,105,99,204,100.5,98,197,-1.5,-0.5,-3.5,YES,YES,11,27,28,4,16,27,over,over,over,NO,NO,87.9,112.7,119.5,1,1,-11.73,-11.13,93.27,87.87,181.14,HOME,HOME,HOME
2018,10-Dec,06:00PM,Mon,1,0,LAC,PACIFIC,21,37,58,30,23,12,0,YES,2,NO,Phoenix,PACIFIC,29,27,56,30,25,8,-2,123,119,242,114,108,222,115,108,223,5,6,9.5,YES,YES,8,4,9,30,29,6,under,0,under,NO,NO,95.3,116.9,113.1,1,0,-11.73,-11.13,102.27,96.87,199.14,HOME,HOME,HOME
2018,10-Dec,07:30PM,Mon,1,1,Minnesota,CENTRAL,24,33,57,20,31,0,1,NO,2,YES,Golden State,PACIFIC,30,33,63,28,25,0,6,108,116,224,120,104,224,117.5,111,229.5,-5.5,-4.5,-9.5,NO,NO,18,17,18,2,3,15,over,under,under,NO,NO,100.9,107.1,115,4,6,-11.73,-11.13,108.27,92.87,201.14,HOME,AWAY,AWAY
2018,10-Dec,07:30PM,Mon,1,1,Miami,EASTERN,23,35,58,25,22,0,2,YES,1,YES,LAL,PACIFIC,27,28,55,29,24,0,-3,105,108,213,113,100,213,114.5,109,221.5,-3,-5.5,-5,NO,NO,23,22,21,7,9,12,under,under,under,NO,NO,98.4,106.7,109.7,5,9,-11.73,-11.13,101.27,88.87,190.14,AWAY,HOME,AWAY
2018,11-Dec,07:00PM,Tue,2,0,Portland,PACIFIC,29,25,54,24,26,0,1,NO,2,YES,Houston,CENTRAL,27,24,51,30,30,0,-3,104,111,215,105,110,215,106.5,113,220.5,-3.5,-6,-6.5,YES,NO,11,10,16,22,20,19,under,under,under,NO,NO,91.8,113.3,121,2,2,-11.73,-11.13,93.27,98.87,192.14,AWAY,HOME,HOME
2018,11-Dec,07:30PM,Tue,0,1,Phoenix,PACIFIC,20,26,46,18,22,0,1,NO,1,NO,San Antonio,CENTRAL,29,30,59,29,23,0,13,86,111,197,105,92,197,110,105.5,216.5,-8,-3.5,-13,YES,YES,30,29,6,14,14,9,under,under,under,NO,YES,96,89.5,115.6,0,1,-11.73,-11.13,93.27,80.87,174.14,HOME,HOME,HOME
2018,11-Dec,07:30PM,Tue,1,0,Toronto,EASTERN,36,34,70,33,20,0,1,YES,0,YES,LAC,PACIFIC,23,34,57,17,25,0,-13,123,99,222,127,95,222,111,109,219,1.5,-2.5,3,YES,NO,1,4,25,7,5,7,over,under,over,YES,NO,95.5,128.8,103.7,1,7,-11.73,-11.13,115.27,83.87,199.14,AWAY,AWAY,AWAY
2018,12-Dec,07:00PM,Wed,1,2,Detroit,EASTERN,25,30,55,38,14,0,1,NO,2,YES,Charlotte,EASTERN,37,23,60,22,26,0,5,107,108,215,115,100,215,112.5,106.5,216.5,-2.5,-1.5,-5.5,NO,YES,20,19,17,18,8,15,over,under,under,NO,NO,98.7,108.4,109.4,2,2,-11.73,-11.13,103.27,88.87,192.14,HOME,AWAY,AWAY
2018,12-Dec,07:00PM,Wed,2,1,New York,EASTERN,23,31,54,32,20,0,1,NO,1,YES,Cleveland,EASTERN,39,26,65,21,27,0,11,106,113,219,119,100,219,110,105.5,215.5,0.5,3.5,1.5,YES,NO,26,21,5,27,27,11,over,under,over,NO,NO,99.5,106.5,113.6,2,4,-11.73,-11.13,107.27,88.87,196.14,HOME,AWAY,HOME
2018,12-Dec,07:00PM,Wed,1,1,Milwaukee,CENTRAL,23,20,43,27,27,0,1,YES,1,NO,Indiana,EASTERN,29,29,58,27,28,0,15,97,113,210,101,109,210,106.5,112.5,218.5,1,5.5,2,YES,NO,6,1,20,4,25,30,under,under,under,NO,NO,99.3,97.7,113.8,1,6,-11.73,-11.13,89.27,97.87,187.14,HOME,HOME,HOME
2018,12-Dec,07:00PM,Wed,3,1,Brooklyn,EASTERN,31,26,57,37,33,0,1,NO,1,NO,Philadelphia,EASTERN,29,27,56,28,40,0,-1,127,124,251,113,138,251,109.5,116,224.5,-3.5,-5,-6,NO,YES,23,18,12,3,7,10,over,over,over,NO,NO,101.4,125.3,122.3,4,1,-11.73,-11.13,101.27,126.87,228.14,AWAY,AWAY,AWAY
2018,12-Dec,07:00PM,Wed,1,1,Boston,EASTERN,24,22,46,38,29,17,1,YES,1,YES,Washington,EASTERN,28,27,55,22,36,12,9,130,125,255,101,125,226,106,113.5,220,2,5,3.5,YES,YES,9,12,28,24,10,2,under,over,over,NO,NO,98.6,119.4,114.8,1,1,-11.73,-11.13,89.27,113.87,203.14,HOME,AWAY,AWAY
2018,12-Dec,07:00PM,Wed,0,1,Portland,PACIFIC,26,14,40,23,20,0,1,NO,1,YES,Memphis,CENTRAL,15,27,42,26,24,0,2,83,92,175,82,93,175,98.5,104,202,-1.5,-1,-3,NO,YES,13,13,18,11,28,29,under,under,under,NO,NO,98.2,84.5,93.7,3,1,-11.73,-11.13,70.27,81.87,152.14,HOME,HOME,HOME
2018,12-Dec,07:00PM,Wed,1,1,Oklahoma City,CENTRAL,28,28,56,28,30,0,3,NO,1,YES,New Orleans,CENTRAL,25,32,57,32,29,0,1,114,118,232,113,119,232,119,114.5,234,0.5,2.5,2.5,YES,NO,10,11,26,12,2,3,under,over,under,NO,NO,106.3,107.2,111,1,2,-11.73,-11.13,101.27,107.87,209.14,HOME,HOME,HOME
2018,12-Dec,07:30PM,Wed,3,1,Atlanta,EASTERN,26,26,52,26,29,0,0,YES,1,NO,Dallas,CENTRAL,28,23,51,30,33,0,-1,107,114,221,103,118,221,115.5,111.5,226.5,-5.5,-7.5,-10,YES,NO,29,22,1,15,16,22,under,over,under,NO,NO,101.3,105.6,112.5,3,5,-11.73,-11.13,91.27,106.87,198.14,AWAY,HOME,AWAY
2018,12-Dec,07:00PM,Wed,1,1,Miami,EASTERN,15,18,33,20,31,0,2,YES,1,YES,Utah,MOUNTAIN,40,20,60,32,19,0,27,84,111,195,93,102,195,107,103,211,-5.5,2,-8.5,NO,NO,25,24,21,16,23,25,under,under,under,NO,NO,95.6,87.9,116.2,7,7,-11.73,-11.13,81.27,90.87,172.14,HOME,HOME,HOME
2018,12-Dec,07:00PM,Wed,1,2,Minnesota,CENTRAL,31,19,50,42,38,0,1,NO,1,YES,Sacramento,PACIFIC,35,28,63,33,45,0,13,130,141,271,113,158,271,115.5,110.5,225,1,5.5,3,NO,NO,19,14,13,14,6,4,under,over,over,NO,NO,100.3,129.7,140.6,6,4,-11.73,-11.13,101.27,146.87,248.14,HOME,HOME,HOME
2018,12-Dec,07:30PM,Wed,0,1,Toronto,EASTERN,31,26,57,25,31,0,1,YES,1,NO,Golden State,PACIFIC,22,19,41,26,26,0,-16,113,93,206,98,108,206,116,112,227.5,-4.5,-10,-8,NO,NO,1,4,24,2,3,16,under,under,under,NO,NO,99.6,113.4,93.3,2,6,-11.73,-11.13,86.27,96.87,183.14,AWAY,AWAY,AWAY
2018,13-Dec,07:00PM,Thu,2,1,LAL,PACIFIC,24,32,56,32,23,0,1,YES,1,NO,Houston,CENTRAL,29,33,62,28,36,0,6,111,126,237,118,119,237,115.5,111,226,-3,-1,-5.5,YES,NO,8,9,11,21,19,19,over,over,over,NO,NO,94,118.1,134.1,2,7,-11.73,-11.13,106.27,107.87,214.14,HOME,HOME,HOME
2018,13-Dec,07:30PM,Thu,1,1,LAC,PACIFIC,27,30,57,20,10,0,1,NO,1,NO,San Antonio,CENTRAL,38,28,66,32,27,0,9,87,125,212,123,89,212,114,107.5,221.5,-1.5,1.5,-3,YES,NO,7,6,6,13,14,10,over,under,under,NO,NO,95.8,90.8,130.4,1,3,-11.73,-11.13,111.27,77.87,189.14,HOME,HOME,HOME
2018,13-Dec,09:30PM,Thu,2,1,Chicago,CENTRAL,26,20,46,25,20,0,1,NO,2,YES,Orlando,EASTERN,24,27,51,26,20,0,5,91,97,188,97,91,188,102,110,212,-3,-1.5,-6,YES,NO,28,30,8,19,26,23,under,under,under,NO,NO,95.9,94.9,101.1,2,5,-11.73,-11.13,85.27,79.87,165.14,HOME,AWAY,0
2018,13-Dec,07:30PM,Thu,0,2,Dallas,CENTRAL,21,19,40,27,22,0,1,NO,1,YES,Phoenix,PACIFIC,25,25,50,28,21,0,10,89,99,188,90,98,188,108,101,210,3,6,6,YES,YES,15,17,22,30,29,7,under,under,under,NO,NO,97.9,90.9,101.1,0,2,-11.73,-11.13,78.27,86.87,165.14,HOME,HOME,HOME
2018,14-Dec,07:00PM,Fri,1,1,Atlanta,EASTERN,19,37,56,26,26,0,0,YES,1,YES,Boston,EASTERN,42,25,67,41,21,0,11,108,129,237,123,114,237,111.5,108.5,221.5,-7.5,-3.5,-11.5,NO,NO,29,22,1,7,11,27,over,over,over,YES,NO,106.5,101.4,121.1,5,3,-11.73,-11.13,111.27,102.87,214.14,HOME,HOME,HOME
2018,14-Dec,07:00PM,Fri,1,1,New York,EASTERN,16,37,53,25,35,13,0,NO,1,NO,Charlotte,EASTERN,33,39,72,21,20,11,19,126,124,250,125,101,226,114,109.5,224,-5.5,0,-10,NO,NO,26,21,5,19,6,14,over,under,over,NO,NO,100.3,113.8,112,4,2,-11.73,-11.13,113.27,89.87,203.14,HOME,AWAY,AWAY
2018,14-Dec,07:30PM,Fri,1,1,Washington,EASTERN,31,28,59,26,33,0,1,NO,1,YES,Brooklyn,EASTERN,27,43,70,31,24,0,11,118,125,243,129,114,243,114,109,223,-1.5,2,-3,YES,YES,25,10,2,23,17,12,over,over,over,NO,YES,97,121.7,128.9,1,1,-11.73,-11.13,117.27,102.87,220.14,HOME,AWAY,HOME
2018,14-Dec,07:30PM,Fri,1,2,Milwaukee,CENTRAL,27,34,61,30,23,0,1,NO,1,NO,Cleveland,EASTERN,16,31,47,30,25,0,-14,114,102,216,108,108,216,107,114,220.5,5,1.5,9.5,NO,NO,6,1,20,27,27,13,over,under,under,NO,NO,97.4,117,104.7,3,4,-11.73,-11.13,96.27,96.87,193.14,AWAY,HOME,AWAY
2018,14-Dec,07:30PM,Fri,1,1,Indiana,EASTERN,24,25,49,31,33,0,1,YES,1,NO,Philadelphia,EASTERN,34,25,59,18,24,0,10,113,101,214,108,106,214,112.5,108,220.5,-1.5,1.5,-3,YES,YES,4,25,30,3,8,9,under,under,under,NO,NO,97,116.5,104.1,1,1,-11.73,-11.13,96.27,94.87,191.14,HOME,AWAY,AWAY
2018,14-Dec,07:00PM,Fri,1,1,Miami,EASTERN,29,22,51,20,29,0,0,NO,1,NO,Memphis,CENTRAL,28,21,49,24,24,0,-2,100,97,197,100,97,197,98,97,194,-2.5,-4,-4,NO,NO,24,23,21,12,28,29,over,0,over,NO,NO,88,113.7,110.3,9,5,-11.73,-11.13,88.27,85.87,174.14,AWAY,AWAY,AWAY
2018,14-Dec,08:00PM,Fri,1,0,Oklahoma City,CENTRAL,32,20,52,24,22,0,1,NO,3,NO,Denver,MOUNTAIN,39,21,60,22,27,0,8,98,109,207,112,95,207,110.5,106.5,217.5,0.5,3.5,2,NO,YES,10,13,26,5,16,28,over,under,under,NO,NO,94.7,103.5,115.1,3,0,-11.73,-11.13,100.27,83.87,184.14,HOME,HOME,HOME
2018,14-Dec,07:00PM,Fri,1,1,Toronto,EASTERN,23,27,50,39,33,0,2,YES,1,YES,Portland,PACIFIC,28,30,58,33,37,0,8,122,128,250,108,142,250,109,107,216,0.5,2.5,2,NO,NO,1,4,22,11,12,17,under,over,over,NO,NO,96,127.1,133.3,4,4,-11.73,-11.13,96.27,130.87,227.14,HOME,HOME,HOME
2018,14-Dec,07:00PM,Fri,1,2,Golden State,PACIFIC,42,34,76,27,27,0,1,YES,1,NO,Sacramento,PACIFIC,38,26,64,33,28,0,-12,130,125,255,140,115,255,121,114.5,236,4,0.5,7.5,YES,YES,2,3,15,15,5,3,over,over,over,NO,NO,111.7,116.4,111.9,1,2,-11.73,-11.13,128.27,103.87,232.14,AWAY,HOME,HOME
2018,15-Dec,05:00PM,Sat,2,1,Utah,MOUNTAIN,14,21,35,24,30,0,3,NO,1,NO,Orlando,EASTERN,14,19,33,22,41,0,-2,89,96,185,68,117,185,98.5,106.5,207,3.5,3.5,6,YES,NO,17,24,25,19,26,24,under,over,under,NO,NO,97.2,91.5,98.7,2,3,-11.73,-11.13,56.27,105.87,162.14,HOME,HOME,HOME
2018,15-Dec,07:00PM,Sat,1,0,LAL,PACIFIC,32,25,57,40,31,0,3,NO,0,NO,Charlotte,EASTERN,22,28,50,17,33,0,-7,128,100,228,107,121,228,116.5,110,226,0.5,-1.5,1,NO,NO,7,9,14,18,8,10,under,over,over,YES,NO,106,120.8,94.3,4,5,-11.73,-11.13,95.27,109.87,205.14,AWAY,AWAY,AWAY
2018,15-Dec,07:00PM,Sat,0,3,Boston,EASTERN,33,23,56,22,26,0,1,NO,2,YES,Detroit,EASTERN,33,24,57,28,28,0,1,104,113,217,113,104,217,104,111.5,215.5,1,2,2,YES,YES,8,12,27,21,19,18,over,under,over,NO,NO,102.3,101.6,110.4,0,3,-11.73,-11.13,101.27,92.87,194.14,HOME,HOME,HOME
2018,15-Dec,07:00PM,Sat,1,1,Houston,CENTRAL,36,25,61,18,26,0,1,YES,0,NO,Memphis,CENTRAL,29,11,40,25,32,0,-21,105,97,202,101,101,202,102.5,98.5,202,2.5,-3,4.5,YES,YES,20,20,19,11,28,29,under,over,0,NO,NO,88.8,118.3,109.2,1,1,-11.73,-11.13,89.27,89.87,179.14,AWAY,HOME,AWAY
2018,15-Dec,07:30PM,Sat,1,1,Chicago,CENTRAL,21,22,43,31,24,0,1,NO,1,NO,San Antonio,CENTRAL,28,34,62,16,15,0,19,98,93,191,105,86,191,102.5,108.5,213.5,-5,0.5,-9,NO,NO,27,30,12,14,15,15,over,under,under,NO,NO,91,107.7,102.2,4,3,-11.73,-11.13,93.27,74.87,168.14,HOME,AWAY,AWAY
2018,15-Dec,08:00PM,Sat,1,1,LAC,PACIFIC,25,25,50,19,35,0,1,NO,0,YES,Oklahoma City,CENTRAL,30,31,61,25,24,0,11,104,110,214,111,103,214,114,109,221.5,-4,0.5,-6.5,NO,YES,10,7,6,9,13,26,under,under,under,NO,NO,102.1,101.9,107.8,3,1,-11.73,-11.13,99.27,91.87,191.14,HOME,AWAY,AWAY
2018,15-Dec,06:00PM,Sat,2,1,Minnesota,CENTRAL,30,28,58,24,17,0,1,YES,1,NO,Phoenix,PACIFIC,28,28,56,29,22,0,-2,99,107,206,114,92,206,110.5,109.5,219,3.5,4,7.5,NO,YES,23,16,16,29,29,7,over,under,under,NO,NO,100.2,98.8,106.8,9,1,-11.73,-11.13,102.27,80.87,183.14,HOME,HOME,HOME
2018,16-Dec,03:00PM,Sun,1,1,Atlanta,EASTERN,23,43,66,30,31,0,1,NO,1,NO,Brooklyn,EASTERN,42,30,72,39,33,0,6,127,144,271,138,133,271,115,111.5,225.5,-4,-2,-7.5,NO,YES,30,22,1,22,14,8,over,over,over,NO,NO,101.2,125.4,142.2,7,1,-11.73,-11.13,126.27,121.87,248.14,HOME,HOME,HOME
2018,16-Dec,03:30PM,Sun,1,0,Philadelphia,EASTERN,29,36,65,24,39,0,1,YES,1,NO,Cleveland,EASTERN,36,22,58,27,20,0,-7,128,105,233,123,110,233,111,108,218,4.5,3,9,YES,NO,2,6,11,28,27,9,over,over,over,NO,NO,97.7,131,107.4,1,2,-11.73,-11.13,111.27,98.87,210.14,AWAY,AWAY,AWAY
2018,16-Dec,05:00PM,Sun,1,0,New York,EASTERN,26,27,53,20,26,0,1,NO,1,YES,Indiana,EASTERN,28,28,56,23,31,0,3,99,110,209,109,100,209,111.5,105.5,216.5,-7,-6,-12,NO,YES,26,21,5,4,25,30,under,under,under,NO,YES,96.7,102.4,113.7,6,0,-11.73,-11.13,97.27,88.87,186.14,AWAY,HOME,AWAY
2018,16-Dec,06:00PM,Sun,0,1,LAL,PACIFIC,23,28,51,25,34,0,1,YES,1,YES,Washington,EASTERN,33,38,71,28,29,0,20,110,128,238,122,116,238,118.5,114.5,231.5,1.5,6.5,3.5,NO,NO,7,9,13,25,10,2,over,over,over,NO,NO,110.7,99.4,115.6,5,4,-11.73,-11.13,110.27,104.87,215.14,HOME,HOME,HOME
2018,16-Dec,06:00PM,Sun,1,0,Sacramento,PACIFIC,34,27,61,32,27,0,1,YES,2,YES,Dallas,CENTRAL,31,27,58,25,30,0,-3,120,113,233,119,114,233,114,109.5,222,-2.5,-4.5,-4.5,YES,NO,12,4,3,16,17,21,over,over,over,NO,NO,103.3,116.2,109.4,1,2,-11.73,-11.13,107.27,102.87,210.14,AWAY,AWAY,AWAY
2018,16-Dec,06:00PM,Sun,1,3,Miami,EASTERN,33,24,57,28,17,0,2,YES,3,NO,New Orleans,CENTRAL,28,23,51,22,23,0,-6,102,96,198,108,90,198,112.5,108,221,-3.5,-6.5,-6,NO,YES,23,23,22,14,2,4,under,under,under,NO,NO,91.2,111.8,105.2,11,3,-11.73,-11.13,96.27,78.87,175.14,AWAY,AWAY,AWAY
2018,16-Dec,06:00PM,Sun,1,2,Toronto,EASTERN,23,24,47,25,14,0,1,NO,1,NO,Denver,MOUNTAIN,23,16,39,29,27,0,-8,86,95,181,86,95,181,106.5,103,209.5,-1.5,-4,-3.5,NO,YES,1,5,23,5,18,28,under,under,under,NO,NO,88.7,97,107.1,6,2,-11.73,-11.13,74.27,83.87,158.14,AWAY,HOME,HOME
2018,17-Dec,07:00PM,Mon,2,1,Milwaukee,CENTRAL,25,30,55,26,26,0,1,YES,1,NO,Detroit,EASTERN,27,16,43,34,27,0,-12,107,104,211,98,113,211,110,114.5,224.5,1,-2,3,NO,YES,6,1,19,22,19,18,under,under,under,NO,NO,97.8,109.4,106.3,6,1,-11.73,-11.13,86.27,101.87,188.14,AWAY,HOME,0
2018,17-Dec,07:30PM,Mon,1,1,Phoenix,PACIFIC,28,31,59,41,28,0,1,YES,0,YES,New York,EASTERN,32,34,66,17,27,0,7,128,110,238,125,113,238,114,108.5,221.5,0.5,2.5,1.5,YES,NO,28,28,7,26,21,4,over,over,over,NO,NO,104.2,122.8,105.6,1,10,-11.73,-11.13,113.27,101.87,215.14,HOME,AWAY,AWAY
2018,17-Dec,07:00PM,Mon,1,1,Utah,MOUNTAIN,23,14,37,36,24,0,1,NO,1,YES,Houston,CENTRAL,25,25,50,33,19,0,13,97,102,199,87,112,199,102.5,110,213,-3,1.5,-5,NO,YES,18,25,25,16,20,20,under,over,under,NO,NO,104,93.2,98.1,4,1,-11.73,-11.13,75.27,100.87,176.14,HOME,AWAY,0
2018,17-Dec,07:00PM,Mon,0,1,Sacramento,PACIFIC,23,21,44,33,28,0,1,NO,1,YES,Minnesota,CENTRAL,38,36,74,29,29,0,30,105,132,237,118,119,237,118.5,112,231,-4.5,4.5,-8,NO,YES,14,4,3,19,15,15,under,over,over,NO,NO,106.9,98.2,123.5,2,1,-11.73,-11.13,106.27,107.87,214.14,HOME,HOME,HOME
2018,17-Dec,07:00PM,Mon,1,1,Chicago,CENTRAL,22,22,44,25,27,0,1,YES,1,NO,Oklahoma City,CENTRAL,31,33,64,24,33,0,20,96,121,217,108,109,217,102,109,212.5,-7.5,-2,-12.5,NO,YES,27,30,9,7,13,26,over,0,over,NO,NO,101.2,94.8,119.5,6,1,-11.73,-11.13,96.27,97.87,194.14,HOME,HOME,HOME
2018,17-Dec,07:30PM,Mon,0,1,Philadelphia,EASTERN,32,17,49,22,25,0,1,YES,1,NO,San Antonio,CENTRAL,29,31,60,33,30,0,11,96,123,219,109,110,219,115.5,109.5,224.5,-0.5,3.5,-1,NO,YES,3,8,8,12,16,16,under,over,under,NO,NO,95.8,100.2,128.4,2,1,-11.73,-11.13,97.27,98.87,196.14,HOME,HOME,HOME
2018,17-Dec,07:30PM,Mon,1,1,Memphis,CENTRAL,22,16,38,29,26,0,1,YES,2,YES,Golden State,PACIFIC,30,31,61,23,26,0,23,93,110,203,99,104,203,108,102.5,211,-8,-1,-13,YES,NO,13,29,29,2,3,17,under,over,under,NO,NO,99.4,93.6,110.7,1,8,-11.73,-11.13,87.27,92.87,180.14,HOME,AWAY,HOME
2018,17-Dec,07:30PM,Mon,2,1,Portland,PACIFIC,37,21,58,42,31,0,2,NO,1,YES,LAC,PACIFIC,29,31,60,28,39,0,2,131,127,258,118,140,258,105,112,216.5,-0.5,0,-1,YES,YES,10,11,14,11,6,6,over,over,over,NO,NO,100.4,130.5,126.5,2,1,-11.73,-11.13,106.27,128.87,235.14,HOME,AWAY,AWAY
2018,18-Dec,07:00PM,Tue,1,0,Cleveland,EASTERN,21,24,45,22,25,0,0,YES,1,NO,Indiana,EASTERN,19,25,44,24,23,0,-1,92,91,183,89,94,183,101,106,206.5,-7.5,-8.5,-12.5,YES,NO,27,28,13,5,25,30,under,under,under,NO,NO,93.1,98.8,97.8,1,4,-11.73,-11.13,77.27,82.87,160.14,AWAY,AWAY,AWAY
2018,18-Dec,07:30PM,Tue,1,0,Washington,EASTERN,24,30,54,28,28,0,2,YES,1,YES,Atlanta,EASTERN,35,23,58,24,36,0,4,110,118,228,112,116,228,122.5,116,238.5,1,4,3,YES,NO,25,10,2,30,20,1,under,0,under,NO,NO,102.8,107,114.7,1,3,-11.73,-11.13,100.27,104.87,205.14,HOME,HOME,HOME
2018,18-Dec,07:30PM,Tue,1,2,LAL,PACIFIC,32,25,57,26,27,0,0,YES,1,NO,Brooklyn,EASTERN,33,29,62,28,25,0,5,110,115,225,119,106,225,117,112.5,229,0,2.5,1.5,NO,YES,8,9,12,18,14,11,over,under,under,NO,NO,104.4,105.3,110.1,7,2,-11.73,-11.13,107.27,94.87,202.14,HOME,HOME,HOME
2018,18-Dec,07:00PM,Tue,1,1,Dallas,CENTRAL,33,36,69,26,23,0,3,YES,1,NO,Denver,MOUNTAIN,34,40,74,31,21,0,5,118,126,244,143,101,244,107.5,104,208.5,-2.5,-0.5,-5,YES,NO,16,18,20,3,17,28,over,under,over,NO,NO,98.9,119.3,127.4,1,7,-11.73,-11.13,131.27,89.87,221.14,HOME,HOME,HOME
2018,19-Dec,07:00PM,Wed,0,1,Cleveland,EASTERN,25,21,46,29,24,0,1,NO,3,NO,Charlotte,EASTERN,16,25,41,41,28,0,-5,99,110,209,87,122,209,105.5,110.5,214.5,-8.5,-10.5,-14,NO,NO,27,28,14,19,8,11,under,over,under,NO,NO,93.3,106.1,117.8,2,3,-11.73,-11.13,75.27,110.87,186.14,AWAY,HOME,AWAY
2018,19-Dec,07:00PM,Wed,1,1,San Antonio,CENTRAL,31,35,66,38,25,0,1,YES,3,NO,Orlando,EASTERN,24,20,44,33,13,0,-22,129,90,219,110,109,219,101,107.5,209.5,1.5,-4.5,3,YES,YES,11,13,18,23,26,23,over,over,over,NO,NO,93.2,138.5,96.6,1,1,-11.73,-11.13,98.27,97.87,196.14,AWAY,AWAY,AWAY
2018,19-Dec,07:00PM,Wed,1,1,New York,EASTERN,33,28,61,24,24,0,2,NO,1,YES,Philadelphia,EASTERN,38,31,69,30,32,0,8,109,131,240,130,110,240,118,111.5,228.5,-7.5,-5,-12.5,YES,YES,26,22,4,2,7,8,over,under,over,NO,NO,99.5,109.6,131.7,1,1,-11.73,-11.13,118.27,98.87,217.14,HOME,HOME,HOME
2018,19-Dec,07:30PM,Wed,1,2,Phoenix,PACIFIC,26,33,59,27,25,0,1,NO,3,YES,Boston,EASTERN,37,25,62,18,23,0,3,111,103,214,121,93,214,112.5,110,222.5,-6.5,-6.5,-11.5,NO,NO,28,27,7,10,14,27,over,under,under,NO,NO,96.4,115.1,106.8,3,8,-11.73,-11.13,109.27,81.87,191.14,AWAY,AWAY,AWAY
2018,19-Dec,07:30PM,Wed,0,1,Indiana,EASTERN,34,24,58,27,11,0,1,NO,2,YES,Toronto,EASTERN,24,26,50,25,24,0,-8,96,99,195,108,87,195,106.5,104,211,-2.5,-4.5,-4.5,YES,NO,6,25,30,1,6,24,over,under,under,NO,NO,97.1,98.8,101.9,0,3,-11.73,-11.13,96.27,75.87,172.14,AWAY,HOME,AWAY
2018,19-Dec,07:00PM,Wed,0,1,Brooklyn,EASTERN,22,18,40,31,25,0,1,NO,1,YES,Chicago,CENTRAL,27,12,39,32,22,0,-1,96,93,189,79,110,189,101.5,109.5,212,0.5,0.5,1.5,YES,YES,16,16,13,29,30,10,under,over,under,NO,NO,90.7,105.8,102.5,0,1,-11.73,-11.13,67.27,98.87,166.14,AWAY,AWAY,AWAY
2018,19-Dec,07:00PM,Wed,0,2,Washington,EASTERN,28,30,58,32,28,0,0,YES,1,NO,Houston,CENTRAL,34,36,70,31,35,0,12,118,136,254,128,126,254,114,109.5,225,-6,-3,-11,NO,YES,25,10,2,15,20,19,over,over,over,NO,NO,99.4,118.7,136.8,2,2,-11.73,-11.13,116.27,114.87,231.14,HOME,HOME,HOME
2018,19-Dec,07:00PM,Wed,2,1,New Orleans,CENTRAL,31,35,66,24,25,0,1,YES,1,YES,Milwaukee,CENTRAL,33,29,62,28,33,0,-4,115,123,238,128,110,238,119,112.5,230,-5,-8,-8.5,YES,NO,18,2,5,5,1,20,over,under,over,NO,NO,103.3,111.3,119.1,2,8,-11.73,-11.13,116.27,98.87,215.14,AWAY,HOME,AWAY
2018,19-Dec,07:00PM,Wed,1,1,Detroit,EASTERN,27,26,53,25,40,11,1,YES,1,NO,Minnesota,CENTRAL,26,36,62,30,26,5,9,129,123,252,115,121,236,110.5,106,216.5,-3,0,-5.5,YES,NO,20,19,16,22,15,12,over,over,over,NO,NO,98,119.3,113.7,1,3,-11.73,-11.13,103.27,109.87,213.14,HOME,AWAY,AWAY
2018,19-Dec,07:00PM,Wed,1,2,Golden State,PACIFIC,21,34,55,25,23,0,1,YES,1,YES,Utah,MOUNTAIN,24,32,56,28,24,0,1,103,108,211,111,100,211,113,110,222.5,0.5,2.5,2,YES,YES,3,3,15,17,24,25,under,under,under,NO,NO,103.9,99.1,104,1,2,-11.73,-11.13,99.27,88.87,188.14,HOME,HOME,HOME
2018,19-Dec,07:00PM,Wed,1,1,Memphis,CENTRAL,18,34,52,19,21,0,1,NO,1,YES,Portland,PACIFIC,17,30,47,27,25,0,-5,92,99,191,99,92,191,102,100.5,201,-3,-6,-5,NO,NO,13,29,29,9,12,17,under,under,under,NO,NO,88.6,103.9,111.8,3,6,-11.73,-11.13,87.27,80.87,168.14,AWAY,HOME,HOME
2018,19-Dec,07:00PM,Wed,1,2,Oklahoma City,CENTRAL,36,35,71,27,34,0,1,NO,1,YES,Sacramento,PACIFIC,33,19,52,37,24,0,-19,132,113,245,123,122,245,118.5,112.5,232,2,-3.5,4,YES,NO,7,11,26,14,4,3,over,over,over,NO,NO,109.9,120.1,102.8,1,3,-11.73,-11.13,111.27,110.87,222.14,AWAY,AWAY,AWAY
2018,20-Dec,08:00PM,Thu,0,1,Houston,CENTRAL,33,25,58,18,23,0,1,NO,3,YES,Miami,EASTERN,21,32,53,29,19,0,-5,99,101,200,111,89,200,108,103,210,1,-1,3,YES,YES,13,20,21,24,23,23,over,under,under,NO,NO,92.7,106.8,109,0,1,-11.73,-11.13,99.27,77.87,177.14,AWAY,HOME,HOME
2018,20-Dec,07:30PM,Thu,1,1,Dallas,CENTRAL,27,27,54,28,39,0,1,NO,2,NO,LAC,PACIFIC,30,35,65,24,36,0,11,121,125,246,119,127,246,113.5,109,222.5,-1.5,2,-3.5,NO,NO,20,17,19,10,5,6,over,over,over,NO,NO,97.2,124.5,128.6,3,5,-11.73,-11.13,107.27,115.87,223.14,HOME,AWAY,HOME
2018,21-Dec,07:00PM,Fri,1,1,Detroit,EASTERN,21,19,40,25,21,0,1,YES,1,NO,Charlotte,EASTERN,25,20,45,30,23,0,5,86,98,184,85,99,184,112.5,107.5,222,-2,-0.5,-4,NO,YES,20,21,17,16,9,13,under,under,under,NO,YES,90,95.5,108.9,3,1,-11.73,-11.13,73.27,87.87,161.14,HOME,HOME,HOME
2018,21-Dec,07:00PM,Fri,1,1,Cleveland,EASTERN,28,24,52,41,17,0,0,YES,1,NO,Toronto,EASTERN,34,25,59,40,27,0,7,110,126,236,111,125,236,102,108,210,-6.5,-4,-11.5,NO,YES,28,27,10,1,6,23,over,over,over,NO,NO,94.1,117,134,4,1,-11.73,-11.13,99.27,113.87,213.14,HOME,HOME,HOME
2018,21-Dec,07:30PM,Fri,1,1,Indiana,EASTERN,37,22,59,25,30,0,1,NO,1,YES,Brooklyn,EASTERN,27,22,49,31,26,0,-10,114,106,220,108,112,220,106.5,103,209.5,0.5,-1.5,3,NO,YES,3,25,30,18,16,12,over,over,over,NO,NO,92.8,122.9,114.3,2,1,-11.73,-11.13,96.27,100.87,197.14,AWAY,HOME,AWAY
2018,21-Dec,07:30PM,Fri,2,1,Atlanta,EASTERN,28,32,60,27,27,0,3,NO,1,YES,New York,EASTERN,39,30,69,20,18,0,9,114,107,221,129,92,221,119.5,114.5,234,-1,1.5,-2,YES,NO,30,20,1,26,22,4,over,under,under,NO,NO,100.6,113.3,106.4,2,4,-11.73,-11.13,117.27,80.87,198.14,HOME,AWAY,AWAY
2018,21-Dec,08:00PM,Fri,1,0,Milwaukee,CENTRAL,35,30,65,28,27,0,1,NO,1,NO,Boston,EASTERN,22,26,48,30,29,0,-17,120,107,227,113,114,227,108.5,113.5,223.5,0.5,-4.5,2,YES,NO,2,1,20,12,14,27,over,over,over,NO,NO,99.7,120.4,107.4,1,5,-11.73,-11.13,101.27,102.87,204.14,AWAY,AWAY,AWAY
2018,21-Dec,07:00PM,Fri,1,1,Orlando,EASTERN,20,19,39,24,17,0,1,YES,1,NO,Chicago,CENTRAL,19,27,46,27,17,0,7,80,90,170,85,85,170,101,100.5,201.5,1,3.5,3.5,YES,YES,23,28,24,27,30,14,under,under,under,NO,NO,85.8,93.2,104.9,1,1,-11.73,-11.13,73.27,73.87,147.14,HOME,HOME,HOME
2018,21-Dec,07:30PM,Fri,1,1,Minnesota,CENTRAL,21,23,44,27,27,0,0,YES,1,YES,San Antonio,CENTRAL,29,33,62,25,37,0,18,98,124,222,106,116,222,111.5,106.5,219.5,-2,3.5,-3.5,YES,NO,22,15,9,10,12,18,under,over,over,NO,YES,97.9,100.1,126.7,1,6,-11.73,-11.13,94.27,104.87,199.14,HOME,HOME,HOME
2018,21-Dec,07:00PM,Fri,1,0,Utah,MOUNTAIN,33,22,55,28,37,0,1,NO,1,NO,Portland,PACIFIC,26,23,49,19,22,0,-6,120,90,210,104,106,210,103.5,110,213.5,0,-2,-1,YES,YES,14,23,25,11,13,15,over,under,under,NO,NO,96.6,124.2,93.1,1,0,-11.73,-11.13,92.27,94.87,187.14,AWAY,AWAY,AWAY
2018,21-Dec,07:00PM,Fri,1,1,Memphis,CENTRAL,32,21,53,21,25,0,1,NO,1,NO,Sacramento,PACIFIC,24,16,40,25,37,0,-13,99,102,201,93,108,201,108,103.5,211.5,-0.5,-5.5,-2,NO,NO,15,29,29,13,5,3,under,over,under,NO,NO,93.1,106.3,109.6,5,4,-11.73,-11.13,81.27,96.87,178.14,AWAY,HOME,HOME
2018,21-Dec,07:30PM,Fri,1,1,New Orleans,CENTRAL,34,31,65,23,16,0,1,NO,2,YES,LAL,PACIFIC,34,35,69,25,18,0,4,104,112,216,134,82,216,120,116,235.5,-2.5,-2,-5,NO,NO,19,2,5,8,8,11,over,under,under,NO,NO,104.7,99.3,107,4,6,-11.73,-11.13,122.27,70.87,193.14,HOME,HOME,HOME
2018,22-Dec,02:00PM,Sat,3,3,Denver,MOUNTAIN,26,33,59,27,25,0,0,YES,1,NO,LAC,PACIFIC,34,34,68,35,29,0,9,111,132,243,127,116,243,114,109,221,-1,1.5,-2,YES,NO,6,18,28,9,4,6,over,over,over,NO,NO,100.6,110.3,131.2,3,5,-11.73,-11.13,115.27,104.87,220.14,HOME,HOME,HOME
2018,22-Dec,07:00PM,Sat,2,0,Phoenix,PACIFIC,29,26,55,24,30,37,0,YES,2,YES,Washington,EASTERN,33,22,55,28,26,40,0,146,149,295,110,108,218,115,112,226,-2.5,-3.5,-4.5,NO,NO,30,26,7,25,9,1,under,under,under,NO,NO,92.6,120.2,122.6,6,5,-11.73,-11.13,98.27,96.87,195.14,AWAY,AWAY,AWAY
2018,22-Dec,07:30PM,Sat,0,3,Toronto,EASTERN,30,29,59,20,22,0,2,YES,2,NO,Philadelphia,EASTERN,29,36,65,26,35,0,6,101,126,227,124,103,227,113.5,110,223.5,-4.5,-3,-7.5,YES,NO,1,7,22,3,6,8,over,under,over,NO,NO,107.2,94.2,117.5,0,7,-11.73,-11.13,112.27,91.87,204.14,HOME,HOME,HOME
2018,22-Dec,08:00PM,Sat,0,2,Milwaukee,CENTRAL,8,30,38,20,29,0,0,YES,1,NO,Miami,EASTERN,21,16,37,35,22,0,-1,87,94,181,75,106,181,105,110,215,0.5,1.5,2,NO,NO,5,1,21,20,24,24,under,under,under,NO,NO,99.6,87.3,94.4,2,4,-11.73,-11.13,63.27,94.87,158.14,AWAY,HOME,HOME
2018,22-Dec,07:00PM,Sat,0,3,San Antonio,CENTRAL,26,17,43,26,32,0,2,NO,1,YES,Houston,CENTRAL,28,13,41,43,24,0,-2,101,108,209,84,125,209,104.5,111,217,-3,-4,-4.5,YES,YES,10,12,19,13,19,20,under,over,under,NO,NO,93.8,107.7,115.2,0,3,-11.73,-11.13,72.27,113.87,186.14,AWAY,HOME,HOME
2018,22-Dec,05:30PM,Sat,1,0,Dallas,CENTRAL,31,30,61,26,29,0,0,NO,2,YES,Golden State,PACIFIC,28,30,58,36,26,0,-3,116,120,236,119,117,236,116.5,113,227,-6.5,-8.5,-11,NO,NO,22,17,17,4,3,13,over,over,over,NO,NO,102.4,113.3,117.2,5,3,-11.73,-11.13,107.27,105.87,213.14,AWAY,AWAY,AWAY
2018,22-Dec,07:00PM,Sat,2,0,Oklahoma City,CENTRAL,26,32,58,35,14,0,2,NO,0,YES,Utah,MOUNTAIN,32,29,61,20,25,0,3,107,106,213,119,94,213,111.5,107,219.5,-1.5,-0.5,-2.5,NO,YES,7,11,26,15,23,25,over,under,under,NO,NO,104.1,102.8,101.9,4,0,-11.73,-11.13,107.27,82.87,190.14,HOME,AWAY,AWAY
2018,23-Dec,04:00PM,Sun,1,2,Atlanta,EASTERN,28,29,57,22,19,0,2,NO,1,YES,Detroit,EASTERN,21,22,43,23,29,0,-14,98,95,193,100,93,193,113,109,221.5,-5,-9.5,-9,NO,YES,28,20,2,23,22,18,under,under,under,NO,NO,101.8,96.3,93.4,4,2,-11.73,-11.13,88.27,81.87,170.14,AWAY,HOME,AWAY
2018,23-Dec,05:00PM,Sun,0,2,Washington,EASTERN,25,21,46,18,25,0,2,YES,1,YES,Indiana,EASTERN,27,26,53,31,21,0,7,89,105,194,99,95,194,112,106.5,219.5,-6.5,-4.5,-11,YES,NO,25,8,1,3,25,30,under,under,under,NO,YES,100.5,88.6,104.5,0,4,-11.73,-11.13,87.27,83.87,171.14,HOME,HOME,HOME
2018,23-Dec,06:00PM,Sun,1,2,Charlotte,EASTERN,26,21,47,20,36,0,1,NO,1,NO,Boston,EASTERN,29,39,68,26,25,0,21,103,119,222,115,107,222,110.5,105,217.5,-4,2,-7.5,YES,NO,18,9,14,11,13,27,over,over,over,NO,NO,96.9,106.3,122.9,1,4,-11.73,-11.13,103.27,95.87,199.14,HOME,AWAY,HOME
2018,23-Dec,06:00PM,Sun,0,2,Phoenix,PACIFIC,31,25,56,18,29,0,2,NO,1,NO,Brooklyn,EASTERN,38,25,63,28,20,0,7,103,111,214,119,95,214,112,108,218.5,-5,-3.5,-9,NO,NO,30,26,7,16,17,13,over,under,under,NO,YES,98.3,104.7,112.9,7,4,-11.73,-11.13,107.27,83.87,191.14,HOME,AWAY,AWAY
2018,23-Dec,06:00PM,Sun,1,2,Chicago,CENTRAL,28,26,54,30,28,0,2,YES,1,YES,Cleveland,EASTERN,29,30,59,15,18,0,5,112,92,204,113,91,204,97,104.5,201.5,-0.5,1,-1,YES,YES,26,30,16,29,27,10,over,under,over,NO,NO,90,124.5,102.3,1,2,-11.73,-11.13,101.27,79.87,181.14,HOME,AWAY,AWAY
2018,23-Dec,06:00PM,Sun,0,2,Miami,EASTERN,28,25,53,37,25,0,2,NO,1,YES,Orlando,EASTERN,17,27,44,27,20,0,-9,115,91,206,97,109,206,101.5,99.5,202,-1,-4,-2.5,YES,YES,19,24,24,24,28,23,under,over,over,NO,NO,91,126.4,100,0,2,-11.73,-11.13,85.27,97.87,183.14,AWAY,AWAY,AWAY
2018,23-Dec,03:00PM,Sun,1,2,New Orleans,CENTRAL,36,33,69,27,21,0,2,YES,1,NO,Sacramento,PACIFIC,25,33,58,28,36,0,-11,117,122,239,127,112,239,122.5,114.5,238,0.5,-3,1,NO,NO,20,2,5,13,5,3,over,under,over,NO,NO,106.9,109.5,114.2,6,4,-11.73,-11.13,115.27,100.87,216.14,AWAY,HOME,HOME
2018,23-Dec,07:00PM,Sun,1,2,Minnesota,CENTRAL,35,18,53,33,28,0,1,YES,0,YES,Oklahoma City,CENTRAL,25,38,63,17,32,0,10,114,112,226,116,110,226,112,109.5,221.5,-3.5,-0.5,-6.5,NO,NO,21,15,9,6,11,26,over,over,over,NO,NO,101.8,112,110,3,4,-11.73,-11.13,104.27,98.87,203.14,HOME,AWAY,AWAY
2018,23-Dec,05:30PM,Sun,0,2,LAC,PACIFIC,36,35,71,23,33,0,1,NO,0,NO,Golden State,PACIFIC,36,31,67,36,26,0,-4,127,129,256,138,118,256,123,114,234.5,-6.5,-9.5,-11,YES,YES,10,4,6,2,3,12,over,over,over,NO,NO,99.9,127.2,129.2,0,2,-11.73,-11.13,126.27,106.87,233.14,AWAY,AWAY,AWAY
2018,23-Dec,06:00PM,Sun,0,2,Dallas,CENTRAL,27,25,52,28,27,11,1,YES,1,NO,Portland,PACIFIC,25,37,62,26,19,14,10,118,121,239,114,100,214,110.5,105.5,215.5,-4,-0.5,-7,NO,YES,22,16,17,9,12,15,over,under,under,NO,NO,101.8,104.9,107.6,6,2,-11.73,-11.13,102.27,88.87,191.14,HOME,AWAY,AWAY
2018,23-Dec,06:30PM,Sun,1,2,Memphis,CENTRAL,26,24,50,22,35,0,1,YES,1,NO,LAL,PACIFIC,20,26,46,29,24,0,-4,107,99,206,96,110,206,107.5,104,210,-3,-6,-5,NO,YES,14,29,29,8,10,11,under,over,under,NO,NO,93.9,114,105.4,7,2,-11.73,-11.13,84.27,98.87,183.14,AWAY,AWAY,AWAY
2018,25-Dec,12:00PM,Tue,2,1,Milwaukee,CENTRAL,22,26,48,36,25,0,1,YES,3,NO,New York,EASTERN,24,22,46,22,27,0,-2,109,95,204,94,110,204,109.5,116,226,5.5,6,10,NO,YES,3,1,21,26,22,4,under,under,under,NO,NO,103.4,105.4,91.8,5,1,-11.73,-11.13,82.27,98.87,181.14,HOME,AWAY,AWAY
2018,25-Dec,02:00PM,Tue,1,2,Oklahoma City,CENTRAL,22,38,60,28,21,0,1,NO,2,NO,Houston,CENTRAL,22,30,52,34,27,0,-8,109,113,222,112,110,222,111,109.5,221,0.5,-1.5,1,YES,NO,6,11,25,13,19,20,over,over,over,NO,NO,103,105.8,109.7,1,5,-11.73,-11.13,100.27,98.87,199.14,AWAY,HOME,HOME
2018,25-Dec,05:30PM,Tue,2,1,Philadelphia,EASTERN,25,26,51,38,19,6,1,YES,1,NO,Boston,EASTERN,32,25,57,29,22,13,6,114,121,235,108,108,216,115,110.5,224,-2.5,-0.5,-5,YES,NO,4,6,8,9,12,27,under,under,under,NO,NO,100.9,102.3,108.6,2,10,-11.73,-11.13,96.27,96.87,193.14,HOME,AWAY,HOME
2018,25-Dec,05:00PM,Tue,1,1,LAL,PACIFIC,32,33,65,26,36,0,1,NO,1,NO,Golden State,PACIFIC,25,25,50,32,19,0,-15,127,101,228,115,113,228,119.5,114.5,233.5,-5,-10,-9,YES,NO,8,9,13,2,4,11,under,under,under,NO,NO,103.6,122.6,97.5,1,2,-11.73,-11.13,103.27,101.87,205.14,AWAY,AWAY,AWAY
2018,25-Dec,08:30PM,Tue,1,1,Portland,PACIFIC,24,23,47,23,26,0,1,NO,2,NO,Utah,MOUNTAIN,24,35,59,24,34,0,12,96,117,213,106,107,213,104,109,214.5,-3.5,0.5,-7,YES,NO,10,14,14,15,23,26,over,under,under,NO,YES,99.6,96.4,117.5,1,3,-11.73,-11.13,94.27,95.87,190.14,HOME,HOME,HOME
2018,26-Dec,07:00PM,Wed,2,1,Washington,EASTERN,28,27,55,17,23,0,1,YES,2,NO,Detroit,EASTERN,27,27,54,31,21,0,-1,95,106,201,109,92,201,113.5,108.5,221.5,-2,-3.5,-4,NO,YES,25,10,2,22,21,19,under,under,under,NO,NO,96.8,98.1,109.5,3,1,-11.73,-11.13,97.27,80.87,178.14,AWAY,HOME,HOME
2018,26-Dec,07:00PM,Wed,2,1,Phoenix,PACIFIC,26,36,62,28,28,4,1,NO,2,NO,Orlando,EASTERN,32,21,53,34,31,2,-9,122,120,242,115,121,236,107,104.5,211.5,-3.5,-5.5,-5.5,NO,YES,28,26,7,24,27,22,over,over,over,NO,NO,96.4,114.6,112.8,10,1,-11.73,-11.13,103.27,109.87,213.14,AWAY,HOME,AWAY
2018,26-Dec,07:30PM,Wed,2,1,Indiana,EASTERN,32,32,64,31,34,0,1,YES,2,YES,Atlanta,EASTERN,31,36,67,21,33,0,3,129,121,250,131,119,250,111.5,108.5,220,3,6.5,6.5,YES,YES,3,24,30,29,20,1,over,over,over,NO,NO,102.3,126.1,118.3,2,1,-11.73,-11.13,119.27,107.87,227.14,HOME,AWAY,AWAY
2018,26-Dec,07:30PM,Wed,2,1,Charlotte,EASTERN,29,22,51,26,37,18,1,YES,2,NO,Brooklyn,EASTERN,22,34,56,23,35,20,5,132,134,266,107,121,228,113.5,106.5,219.5,-0.5,1.5,-1,NO,YES,19,8,10,16,14,9,under,over,over,NO,NO,97.3,112.2,113.9,4,1,-11.73,-11.13,95.27,109.87,205.14,HOME,AWAY,HOME
2018,26-Dec,07:30PM,Wed,3,1,Toronto,EASTERN,23,21,44,37,25,0,1,NO,2,YES,Miami,EASTERN,31,27,58,21,25,0,14,106,104,210,102,108,210,105.5,101,207,0.5,5.5,2,NO,NO,1,7,23,20,25,24,under,over,over,NO,NO,92.9,114,111.9,4,3,-11.73,-11.13,90.27,96.87,187.14,HOME,AWAY,0
2018,26-Dec,07:00PM,Wed,2,1,Minnesota,CENTRAL,29,31,60,23,36,0,1,YES,2,YES,Chicago,CENTRAL,18,19,37,28,29,0,-23,119,94,213,97,116,213,106,102.5,210,1.5,-3.5,4,NO,YES,18,15,12,26,30,16,under,over,over,NO,NO,97.9,121.6,96,6,1,-11.73,-11.13,85.27,104.87,190.14,AWAY,AWAY,AWAY
2018,26-Dec,07:00PM,Wed,2,1,Cleveland,EASTERN,9,23,32,21,34,0,2,NO,2,YES,Memphis,CENTRAL,21,24,45,20,30,0,13,87,95,182,77,105,182,94.5,100,196,-5,-1.5,-9.5,YES,NO,30,28,13,14,29,29,under,over,under,NO,NO,90.5,96.1,104.9,2,6,-11.73,-11.13,65.27,93.87,159.14,HOME,AWAY,AWAY
2018,26-Dec,07:30PM,Wed,2,1,New Orleans,CENTRAL,30,34,64,30,25,0,1,YES,2,YES,Dallas,CENTRAL,33,34,67,23,32,0,3,119,122,241,131,110,241,117,111.5,228.5,-1,-1,-2.5,NO,YES,23,2,5,21,16,17,over,under,over,YES,NO,101.6,117.1,120.1,9,1,-11.73,-11.13,119.27,98.87,218.14,HOME,AWAY,HOME
2018,26-Dec,07:30PM,Wed,3,1,Denver,MOUNTAIN,26,27,53,22,28,0,1,YES,3,YES,San Antonio,CENTRAL,34,21,55,22,34,0,2,103,111,214,108,106,214,110,107,216,-2,-2,-4,NO,YES,7,18,28,11,13,18,under,under,under,NO,NO,99.8,103.2,111.2,7,1,-11.73,-11.13,96.27,94.87,191.14,0,HOME,HOME
2018,26-Dec,07:30PM,Wed,2,0,Sacramento,PACIFIC,27,29,56,29,33,0,1,YES,2,YES,LAC,PACIFIC,39,32,71,31,25,0,15,118,127,245,127,118,245,123,115.5,238.5,-2.5,2.5,-4.5,YES,YES,13,5,3,9,3,6,over,over,over,NO,NO,104.8,112.6,121.2,2,0,-11.73,-11.13,115.27,106.87,222.14,HOME,AWAY,HOME
2018,27-Dec,07:00PM,Thu,1,1,Boston,EASTERN,24,31,55,31,27,0,1,YES,1,NO,Houston,CENTRAL,35,22,57,35,35,0,2,113,127,240,112,128,240,104,110,215,0.5,3,2,YES,NO,11,12,27,14,18,20,over,over,over,NO,YES,97.4,116,130.3,1,5,-11.73,-11.13,100.27,116.87,217.14,HOME,HOME,HOME
2018,27-Dec,07:00PM,Thu,1,1,New York,EASTERN,28,20,48,29,19,0,1,NO,1,YES,Milwaukee,CENTRAL,24,29,53,34,25,0,5,96,112,208,101,107,208,117,111,226.5,-8.5,-6.5,-14,YES,NO,26,22,5,2,1,21,under,under,under,NO,NO,102.3,93.9,109.5,1,14,-11.73,-11.13,89.27,95.87,185.14,AWAY,HOME,HOME
2018,27-Dec,07:00PM,Thu,1,0,LAL,PACIFIC,34,33,67,28,21,0,2,YES,0,YES,Sacramento,PACIFIC,32,29,61,23,33,0,-6,116,117,233,128,105,233,118,113,229.5,-2.5,-4.5,-4.5,NO,YES,8,9,12,12,5,3,over,under,over,NO,NO,104.7,110.8,111.7,3,0,-11.73,-11.13,116.27,93.87,210.14,AWAY,HOME,AWAY
2018,27-Dec,08:30PM,Thu,1,2,Philadelphia,EASTERN,22,35,57,38,19,0,1,NO,1,NO,Utah,MOUNTAIN,29,23,52,27,18,0,-5,114,97,211,109,102,211,113,107.5,219.5,-2.5,-5,-4.5,NO,NO,4,6,9,17,23,25,under,under,under,NO,YES,97.6,116.7,99.3,4,8,-11.73,-11.13,97.27,90.87,188.14,AWAY,AWAY,AWAY
2018,27-Dec,07:30PM,Thu,1,1,Portland,PACIFIC,27,25,52,23,27,8,1,YES,1,NO,Golden State,PACIFIC,28,18,46,25,31,7,-6,110,109,219,98,106,204,110,116.5,227,-5.5,-8.5,-9,NO,YES,9,17,15,3,4,11,under,under,under,NO,NO,101.9,97.7,96.9,3,1,-11.73,-11.13,86.27,94.87,181.14,AWAY,AWAY,AWAY
2018,28-Dec,07:00PM,Fri,1,0,Brooklyn,EASTERN,17,25,42,23,22,0,0,YES,1,YES,Charlotte,EASTERN,33,21,54,19,27,0,12,87,100,187,96,91,187,106.5,113,219.5,-2.5,1.5,-4.5,YES,NO,16,17,8,18,9,15,under,under,under,YES,YES,95.8,90.8,104.3,1,4,-11.73,-11.13,84.27,79.87,164.14,HOME,HOME,HOME
2018,28-Dec,07:00PM,Fri,1,1,Detroit,EASTERN,21,24,45,24,19,0,2,NO,1,YES,Indiana,EASTERN,32,26,58,33,34,0,13,88,125,213,103,110,213,105.5,100.5,206.5,-4,0,-7,YES,NO,23,22,18,3,23,30,under,over,over,NO,NO,100.3,87.8,124.7,1,7,-11.73,-11.13,91.27,98.87,190.14,HOME,HOME,HOME
2018,28-Dec,07:00PM,Fri,1,1,Toronto,EASTERN,29,19,48,15,24,0,1,NO,1,NO,Orlando,EASTERN,25,32,57,35,24,0,9,87,116,203,105,98,203,105,103.5,207,2,5.5,4.5,NO,YES,1,7,22,24,27,23,0,under,under,YES,NO,100.6,86.4,115.3,6,1,-11.73,-11.13,93.27,86.87,180.14,HOME,HOME,HOME
2018,28-Dec,07:00PM,Fri,1,1,Chicago,CENTRAL,20,20,40,34,27,0,0,NO,1,YES,Washington,EASTERN,22,20,42,30,20,0,2,101,92,193,82,111,193,103.5,109,212,-2,-2,-4.5,YES,NO,26,30,17,25,10,2,under,over,under,NO,NO,92.9,108.7,99,1,4,-11.73,-11.13,70.27,99.87,170.14,0,AWAY,AWAY
2018,28-Dec,08:00PM,Fri,1,0,Cleveland,EASTERN,30,22,52,17,25,0,1,NO,1,NO,Miami,EASTERN,29,27,56,26,36,0,4,94,118,212,108,104,212,98.5,105.5,203,-6,-5,-10.5,NO,NO,30,28,13,19,25,24,over,under,over,NO,NO,93.3,100.8,126.5,4,4,-11.73,-11.13,96.27,92.87,189.14,AWAY,HOME,HOME
2018,28-Dec,07:00PM,Fri,1,0,Atlanta,EASTERN,42,29,71,18,23,11,1,YES,1,YES,Minnesota,CENTRAL,27,32,59,30,23,8,-12,123,120,243,130,94,224,118,113.5,229.5,-5.5,-9.5,-10,YES,YES,27,20,1,21,13,11,over,under,under,NO,NO,100.5,110.9,108.2,1,0,-11.73,-11.13,118.27,82.87,201.14,AWAY,HOME,AWAY
2018,28-Dec,07:00PM,Fri,1,1,Dallas,CENTRAL,29,37,66,22,24,0,0,NO,1,YES,New Orleans,CENTRAL,26,29,55,31,28,0,-11,112,114,226,121,105,226,118.5,111.5,228,-3,-4.5,-4.5,YES,YES,22,14,16,20,2,5,over,under,under,NO,NO,94.9,118,120.2,1,1,-11.73,-11.13,109.27,93.87,203.14,AWAY,HOME,AWAY
2018,28-Dec,07:00PM,Fri,1,0,San Antonio,CENTRAL,23,24,47,28,24,0,0,YES,1,YES,Denver,MOUNTAIN,31,30,61,17,24,0,14,99,102,201,108,93,201,104.5,109.5,216.5,-2.5,2,-4.5,YES,NO,12,15,19,7,19,28,over,under,under,NO,NO,93.6,105.8,109,1,2,-11.73,-11.13,96.27,81.87,178.14,HOME,AWAY,AWAY
2018,28-Dec,06:00PM,Fri,2,1,Oklahoma City,CENTRAL,36,22,58,23,37,0,0,NO,1,YES,Phoenix,PACIFIC,29,28,57,27,18,0,-1,118,102,220,115,105,220,115,111.5,226,1.5,3,4.5,NO,NO,6,11,27,29,26,7,0,under,under,YES,NO,103.7,113.7,98.3,4,2,-11.73,-11.13,103.27,93.87,197.14,HOME,AWAY,AWAY
2018,28-Dec,07:30PM,Fri,1,0,LAC,PACIFIC,28,23,51,31,36,0,1,NO,0,YES,LAL,PACIFIC,23,31,54,26,27,0,3,118,107,225,105,120,225,118.5,112.5,229,4,7,7,YES,YES,8,3,6,9,8,12,under,over,under,NO,NO,109.4,107.9,97.8,1,0,-11.73,-11.13,93.27,108.87,202.14,HOME,AWAY,AWAY
2018,29-Dec,04:00PM,Sat,0,3,Brooklyn,EASTERN,23,29,52,34,29,0,2,NO,1,NO,Milwaukee,CENTRAL,29,42,71,35,23,0,19,115,129,244,123,121,244,107.5,112,222.5,-6.5,-0.5,-10.5,NO,YES,17,17,8,2,1,21,over,over,over,NO,NO,103.6,111,124.5,2,3,-11.73,-11.13,111.27,109.87,221.14,HOME,AWAY,HOME
2018,29-Dec,07:00PM,Sat,0,1,Charlotte,EASTERN,29,32,61,31,34,0,3,NO,0,NO,Washington,EASTERN,27,40,67,27,36,0,6,126,130,256,128,128,256,111,105.5,217,1.5,3.5,3.5,YES,YES,18,7,12,25,10,2,over,over,over,NO,NO,104.3,120.8,124.6,0,1,-11.73,-11.13,116.27,116.87,233.14,HOME,HOME,HOME
2018,29-Dec,06:00PM,Sat,1,1,Houston,CENTRAL,30,23,53,24,31,0,1,NO,0,NO,New Orleans,CENTRAL,20,30,50,26,28,0,-3,108,104,212,103,109,212,117.5,112,229.5,1.5,1.5,3,YES,YES,13,19,20,20,2,5,under,under,under,NO,NO,98.5,109.6,105.6,1,1,-11.73,-11.13,91.27,97.87,189.14,AWAY,HOME,AWAY
2018,29-Dec,07:30PM,Sat,0,3,Cleveland,EASTERN,26,25,51,23,34,0,1,YES,0,YES,Atlanta,EASTERN,23,34,57,27,27,0,6,108,111,219,108,111,219,106.5,113,219,-2.5,-0.5,-3.5,NO,YES,30,28,14,26,20,1,over,under,0,YES,NO,99.8,108.3,111.3,5,3,-11.73,-11.13,96.27,99.87,196.14,HOME,AWAY,AWAY
2018,29-Dec,07:00PM,Sat,1,1,Boston,EASTERN,29,18,47,32,33,0,1,YES,2,NO,Memphis,CENTRAL,26,38,64,23,16,0,17,112,103,215,111,104,215,97,103.5,202,1.5,6.5,3,NO,NO,9,12,27,16,29,29,over,over,over,NO,NO,95,117.9,108.4,3,3,-11.73,-11.13,99.27,92.87,192.14,HOME,AWAY,AWAY
2018,29-Dec,06:00PM,Sat,1,2,New York,EASTERN,17,17,34,32,31,0,2,YES,1,NO,Utah,MOUNTAIN,39,32,71,26,32,0,37,97,129,226,105,121,226,110,104.5,214.5,-7,2,-12,NO,NO,28,22,4,15,23,26,under,over,over,NO,NO,100.3,96.7,128.6,3,12,-11.73,-11.13,93.27,109.87,203.14,HOME,AWAY,HOME
2018,29-Dec,06:00PM,Sat,0,2,Denver,MOUNTAIN,36,26,62,28,32,0,1,NO,0,NO,Phoenix,PACIFIC,16,33,49,29,40,0,-13,122,118,240,111,129,240,110.5,104,215.5,1.5,0,4.5,YES,YES,6,18,28,29,26,7,over,over,over,NO,NO,96.9,125.9,121.8,0,2,-11.73,-11.13,99.27,117.87,217.14,AWAY,HOME,HOME
2018,29-Dec,07:00PM,Sat,1,1,Golden State,PACIFIC,30,28,58,35,22,0,0,NO,1,YES,Portland,PACIFIC,27,23,50,33,22,0,-8,115,105,220,108,112,220,114.5,111.5,226.5,2.5,1,5,YES,NO,3,4,13,12,16,15,under,over,under,YES,YES,98.9,116.2,106.1,1,4,-11.73,-11.13,96.27,100.87,197.14,AWAY,AWAY,AWAY
2018,29-Dec,07:30PM,Sat,0,1,San Antonio,CENTRAL,32,24,56,39,27,0,2,NO,0,YES,LAC,PACIFIC,30,26,56,19,36,0,0,122,111,233,112,121,233,109.5,116,226,-1,-2.5,-2.5,NO,YES,10,14,19,8,3,6,over,over,over,NO,NO,106.2,114.9,104.5,2,1,-11.73,-11.13,100.27,109.87,210.14,AWAY,AWAY,AWAY
2018,30-Dec,03:30PM,Sun,1,1,Detroit,EASTERN,21,38,59,24,24,0,0,YES,1,NO,Orlando,EASTERN,31,31,62,23,24,0,3,107,109,216,121,95,216,103.5,101,203.5,-1,0,-1.5,NO,NO,24,21,17,23,27,23,over,under,over,NO,NO,95.8,111.7,113.8,3,5,-11.73,-11.13,109.27,83.87,193.14,HOME,AWAY,HOME
2018,30-Dec,06:00PM,Sun,1,0,Minnesota,CENTRAL,30,25,55,31,27,0,2,YES,1,NO,Miami,EASTERN,19,35,54,23,27,0,-1,113,104,217,109,108,217,105,102,206.5,-1.5,-3,-3.5,YES,NO,18,13,14,20,25,24,over,over,over,NO,YES,99.7,113.4,104.3,1,4,-11.73,-11.13,97.27,96.87,194.14,AWAY,AWAY,AWAY
2018,30-Dec,06:00PM,Sun,1,2,Chicago,CENTRAL,20,19,39,26,24,0,1,NO,1,YES,Toronto,EASTERN,14,26,40,28,27,0,1,89,95,184,79,105,184,101,106,207,-6,-7,-10.5,NO,YES,27,30,18,1,9,22,under,under,under,NO,NO,93.1,95.6,102,3,2,-11.73,-11.13,67.27,93.87,161.14,AWAY,AWAY,AWAY
2018,30-Dec,06:00PM,Sun,1,0,Oklahoma City,CENTRAL,28,31,59,14,30,0,0,YES,1,YES,Dallas,CENTRAL,27,30,57,27,21,0,-2,103,105,208,116,92,208,115,111,226,0.5,1,2.5,NO,YES,7,11,25,21,16,16,over,under,under,NO,NO,103.2,99.8,101.7,6,0,-11.73,-11.13,104.27,80.87,185.14,AWAY,HOME,HOME
2018,30-Dec,06:00PM,Sun,2,1,Philadelphia,EASTERN,20,21,41,26,28,0,1,YES,0,NO,Portland,PACIFIC,31,39,70,36,23,0,29,95,129,224,111,113,224,115.5,109,224.5,-1.5,5.5,-2.5,NO,NO,5,6,8,9,14,15,under,over,under,NO,NO,107.3,88.6,120.3,7,5,-11.73,-11.13,99.27,101.87,201.14,HOME,HOME,HOME
2018,30-Dec,06:30PM,Sun,2,1,Sacramento,PACIFIC,31,37,68,28,18,0,2,NO,1,NO,LAL,PACIFIC,37,27,64,28,29,0,-4,114,121,235,132,103,235,118.5,114.5,233,-1,-2,-2,YES,YES,14,5,3,8,8,10,over,under,over,NO,NO,104.6,109,115.7,2,1,-11.73,-11.13,120.27,91.87,212.14,AWAY,HOME,HOME
2018,31-Dec,03:00PM,Mon,1,1,Atlanta,EASTERN,25,35,60,21,27,0,3,YES,2,NO,Indiana,EASTERN,33,30,63,34,19,0,3,108,116,224,123,101,224,111,109,220,-8,-7.5,-13,YES,NO,26,20,1,3,23,30,over,under,over,NO,NO,96.9,111.4,119.7,1,5,-11.73,-11.13,111.27,89.87,201.14,AWAY,AWAY,AWAY
2018,31-Dec,06:00PM,Mon,0,1,Orlando,EASTERN,23,30,53,24,23,0,1,NO,1,YES,Charlotte,EASTERN,36,27,63,32,30,0,10,100,125,225,116,109,225,106.5,104.5,211.5,-5,-1,-8.5,YES,NO,23,27,22,16,7,14,over,over,over,NO,NO,97.9,102.1,127.6,0,11,-11.73,-11.13,104.27,97.87,202.14,HOME,HOME,HOME
2018,31-Dec,06:00PM,Mon,1,1,Memphis,CENTRAL,18,20,38,35,28,0,2,YES,1,YES,Houston,CENTRAL,27,34,61,25,27,0,23,101,113,214,99,115,214,101.5,99.5,201,-2.5,4,-4,YES,YES,17,29,29,12,19,20,under,over,over,NO,NO,95.7,105.5,118.1,1,1,-11.73,-11.13,87.27,103.87,191.14,HOME,AWAY,HOME
2018,31-Dec,06:00PM,Mon,1,1,Boston,EASTERN,23,29,52,30,29,0,2,NO,1,YES,San Antonio,CENTRAL,17,29,46,46,28,0,-6,111,120,231,98,133,231,105.5,113,217.5,0.5,-1,1.5,NO,YES,13,12,25,8,14,19,under,over,over,NO,NO,98.6,112.5,121.7,5,1,-11.73,-11.13,86.27,121.87,208.14,AWAY,HOME,HOME
2018,31-Dec,07:00PM,Mon,0,1,Minnesota,CENTRAL,22,29,51,38,25,0,1,YES,1,NO,New Orleans,CENTRAL,27,36,63,25,35,0,12,114,123,237,114,123,237,116,109.5,223.5,0,3.5,0,NO,NO,20,13,10,19,2,5,under,over,over,NO,NO,96.2,118.5,127.9,2,3,-11.73,-11.13,102.27,111.87,214.14,HOME,HOME,HOME
2018,31-Dec,07:00PM,Mon,0,1,Dallas,CENTRAL,21,22,43,32,27,0,1,YES,0,YES,Oklahoma City,CENTRAL,32,28,60,32,30,0,17,102,122,224,103,121,224,114,109.5,224,-4.5,1,-7.5,YES,NO,21,17,16,6,11,27,under,over,0,NO,NO,111.3,91.6,109.6,0,6,-11.73,-11.13,91.27,109.87,201.14,HOME,HOME,HOME
2018,31-Dec,06:00PM,Mon,1,2,Golden State,PACIFIC,31,38,69,39,24,0,1,NO,1,NO,Phoenix,PACIFIC,27,25,52,35,22,0,-17,132,109,241,121,120,241,117.5,112,230.5,6,1,10,NO,YES,2,4,13,28,26,7,over,over,over,NO,NO,103.1,128.1,105.8,3,2,-11.73,-11.13,109.27,108.87,218.14,AWAY,AWAY,AWAY
2019,1-Jan,07:30PM,Tue,2,2,Utah,MOUNTAIN,24,29,53,32,31,0,1,YES,1,NO,Toronto,EASTERN,26,25,51,44,27,0,-2,116,122,238,104,134,238,101.5,108.5,209,-0.5,-1,-1,YES,NO,15,21,25,1,9,23,over,over,over,NO,NO,99.3,116.9,122.9,2,7,-11.73,-11.13,92.27,122.87,215.14,AWAY,HOME,HOME
2019,1-Jan,07:00PM,Tue,1,0,Detroit,EASTERN,27,25,52,21,25,0,2,NO,2,NO,Milwaukee,CENTRAL,35,33,68,24,29,0,16,98,121,219,120,99,219,112.5,106.5,219,-5.5,-1,-10,NO,NO,24,24,17,2,1,21,over,under,0,NO,NO,97.7,100.3,123.9,5,3,-11.73,-11.13,108.27,87.87,196.14,HOME,HOME,HOME
2019,1-Jan,07:00PM,Tue,2,2,New York,EASTERN,32,24,56,28,24,0,1,YES,2,YES,Denver,MOUNTAIN,28,27,55,27,33,0,-1,108,115,223,111,112,223,112.5,107,219,-7.5,-9,-13.5,NO,NO,28,22,4,6,18,28,under,over,over,NO,NO,92.4,116.9,124.4,6,9,-11.73,-11.13,99.27,100.87,200.14,AWAY,AWAY,AWAY
2019,1-Jan,06:00PM,Tue,1,2,Portland,PACIFIC,26,38,64,19,20,10,1,NO,1,YES,Sacramento,PACIFIC,25,25,50,27,26,5,-14,113,108,221,114,92,206,111.5,117.5,229.5,0.5,-4,1,YES,YES,8,15,15,14,5,3,over,under,under,NO,NO,101.4,100.9,96.5,1,2,-11.73,-11.13,102.27,80.87,183.14,AWAY,HOME,AWAY
2019,1-Jan,07:30PM,Tue,1,0,Philadelphia,EASTERN,41,35,76,25,18,0,2,YES,2,NO,LAC,PACIFIC,28,30,58,30,25,0,-18,119,113,232,134,98,232,122,113.5,236.5,0.5,-5,1.5,NO,NO,5,6,8,10,4,6,over,under,under,NO,NO,103.7,114.7,109,9,3,-11.73,-11.13,122.27,86.87,209.14,AWAY,HOME,AWAY
2019,2-Jan,07:00PM,Wed,1,1,Dallas,CENTRAL,42,23,65,29,28,0,2,YES,1,NO,Charlotte,EASTERN,26,15,41,24,19,0,-24,122,84,206,106,100,206,113.5,107,221.5,-0.5,-7,-1.5,NO,NO,19,17,16,17,9,12,under,under,under,NO,NO,98.2,124.2,85.5,2,4,-11.73,-11.13,94.27,88.87,183.14,AWAY,AWAY,AWAY
2019,2-Jan,07:00PM,Wed,2,1,Miami,EASTERN,22,36,58,35,24,0,1,NO,3,YES,Cleveland,EASTERN,23,20,43,30,19,0,-15,117,92,209,101,108,209,103,98.5,203,3,-1,5.5,YES,YES,20,25,26,30,28,11,under,over,over,NO,NO,88.9,131.6,103.5,2,1,-11.73,-11.13,89.27,96.87,186.14,AWAY,AWAY,AWAY
2019,2-Jan,07:00PM,Wed,1,1,Atlanta,EASTERN,29,24,53,31,14,0,1,YES,3,NO,Washington,EASTERN,35,29,64,24,26,0,11,98,114,212,117,95,212,117,112,230,-3.5,0,-6,NO,NO,26,20,1,25,10,2,0,under,under,NO,NO,99.6,98.4,114.4,3,3,-11.73,-11.13,105.27,83.87,189.14,HOME,HOME,HOME
2019,2-Jan,07:30PM,Wed,1,2,New Orleans,CENTRAL,29,29,58,29,34,0,1,YES,3,YES,Brooklyn,EASTERN,39,34,73,32,21,0,15,121,126,247,131,116,247,118.5,112.5,230,0.5,5.5,2,YES,NO,21,2,5,15,16,9,over,over,over,NO,NO,98.4,123,128.1,1,4,-11.73,-11.13,119.27,104.87,224.14,HOME,AWAY,HOME
2019,2-Jan,08:00PM,Wed,1,1,Minnesota,CENTRAL,21,21,42,39,21,0,1,NO,1,YES,Boston,EASTERN,25,35,60,27,28,0,18,102,115,217,102,115,217,109.5,104.5,215,-3,2,-6,NO,YES,22,15,10,9,12,25,under,over,over,NO,NO,95.5,106.8,120.4,4,1,-11.73,-11.13,90.27,103.87,194.14,HOME,AWAY,HOME
2019,2-Jan,07:00PM,Wed,1,1,Orlando,EASTERN,32,30,62,28,22,0,1,NO,2,YES,Chicago,CENTRAL,16,29,45,17,22,0,-17,112,84,196,107,89,196,101.5,98,199.5,0.5,-4,1,NO,NO,23,27,23,27,30,18,over,under,under,NO,NO,92.8,120.7,90.5,2,9,-11.73,-11.13,95.27,77.87,173.14,AWAY,AWAY,AWAY
2019,2-Jan,07:00PM,Wed,0,2,Detroit,EASTERN,26,25,51,21,29,0,1,NO,1,YES,Memphis,CENTRAL,24,31,55,12,27,0,4,101,94,195,106,89,195,100.5,99,198,-3.5,-2.5,-6.5,NO,YES,24,24,17,18,29,29,over,under,under,NO,NO,89.8,112.4,104.6,6,2,-11.73,-11.13,94.27,77.87,172.14,HOME,AWAY,AWAY
2019,2-Jan,06:00PM,Wed,0,2,Philadelphia,EASTERN,44,28,72,32,28,0,1,NO,1,NO,Phoenix,PACIFIC,32,17,49,38,40,0,-23,132,127,259,121,138,259,117.5,110.5,228.5,1.5,-4,3.5,NO,YES,3,6,8,28,26,6,over,over,over,NO,NO,106.6,123.9,119.2,10,2,-11.73,-11.13,109.27,126.87,236.14,AWAY,HOME,AWAY
2019,2-Jan,07:30PM,Wed,1,1,Oklahoma City,CENTRAL,25,34,59,19,29,0,1,NO,2,NO,LAL,PACIFIC,25,32,57,25,18,0,-2,107,100,207,116,91,207,117,113,229.5,3,3.5,5.5,YES,NO,6,11,27,11,8,13,under,under,under,NO,NO,110.2,97.1,90.8,1,3,-11.73,-11.13,104.27,79.87,184.14,HOME,AWAY,AWAY
2019,3-Jan,07:00PM,Thu,1,1,Toronto,EASTERN,19,32,51,24,32,0,1,NO,2,NO,San Antonio,CENTRAL,38,29,67,29,29,0,16,107,125,232,118,114,232,109.5,107,218,-2,3.5,-3.5,YES,NO,1,8,21,8,12,19,over,over,over,NO,NO,97.4,109.9,128.4,1,2,-11.73,-11.13,106.27,102.87,209.14,HOME,HOME,HOME
2019,3-Jan,07:00PM,Thu,1,1,Denver,MOUNTAIN,30,23,53,31,33,0,1,NO,1,NO,Sacramento,PACIFIC,30,36,66,18,29,0,13,117,113,230,119,111,230,117,111,226.5,1.5,6,3.5,YES,YES,6,19,28,14,5,3,over,0,over,YES,NO,96,121.9,117.7,1,1,-11.73,-11.13,107.27,99.87,207.14,HOME,AWAY,AWAY
2019,3-Jan,07:30PM,Thu,2,1,Houston,CENTRAL,22,31,53,39,27,16,1,YES,2,YES,Golden State,PACIFIC,34,36,70,28,21,15,17,135,134,269,123,115,238,115.5,110,225.5,-5.5,0,-9,YES,NO,10,18,20,3,3,10,over,over,over,NO,NO,98.1,124.6,123.6,2,3,-11.73,-11.13,111.27,103.87,215.14,HOME,AWAY,AWAY
2019,4-Jan,07:30PM,Fri,2,0,Utah,MOUNTAIN,23,25,48,33,36,0,0,NO,1,NO,Cleveland,EASTERN,20,29,49,22,20,0,1,117,91,208,97,111,208,100.5,107.5,207.5,6,7.5,10,NO,NO,15,21,25,30,28,12,under,over,over,NO,NO,93.4,125.2,97.4,5,4,-11.73,-11.13,85.27,99.87,185.14,HOME,AWAY,AWAY
2019,4-Jan,08:00PM,Fri,1,1,Washington,EASTERN,24,34,58,28,23,0,1,YES,1,YES,Miami,EASTERN,31,30,61,34,20,0,3,109,115,224,119,105,224,107.5,105,211.5,-3.5,-3.5,-6.5,YES,NO,25,10,2,17,25,24,over,0,over,NO,NO,103.3,105.5,111.3,1,4,-11.73,-11.13,107.27,93.87,201.14,AWAY,AWAY,AWAY
2019,4-Jan,07:00PM,Fri,3,1,Indiana,EASTERN,18,36,54,21,30,14,1,NO,1,NO,Chicago,CENTRAL,30,28,58,20,27,11,4,119,116,235,112,98,210,102.5,99.5,201,3.5,7,7,YES,NO,3,23,30,27,30,17,over,under,over,NO,NO,93.3,115.5,112.6,3,10,-11.73,-11.13,100.27,86.87,187.14,HOME,HOME,HOME
2019,4-Jan,07:00PM,Fri,1,1,Brooklyn,EASTERN,26,22,48,33,28,0,0,YES,1,NO,Memphis,CENTRAL,26,21,47,30,23,0,-1,109,100,209,95,114,209,98.5,105,203,-2.5,-3.5,-4,YES,NO,14,16,10,20,29,29,under,over,over,NO,NO,101.2,107.7,98.8,1,4,-11.73,-11.13,83.27,102.87,186.14,AWAY,AWAY,AWAY
2019,4-Jan,07:00PM,Fri,1,1,Orlando,EASTERN,40,28,68,17,18,0,1,NO,1,YES,Minnesota,CENTRAL,31,33,64,31,25,0,-4,103,120,223,132,91,223,108.5,106,214,-2.5,-5,-4,NO,NO,23,27,23,18,14,14,over,under,over,NO,NO,100.5,102.5,119.4,4,7,-11.73,-11.13,120.27,79.87,200.14,AWAY,HOME,HOME
2019,4-Jan,08:00PM,Fri,1,0,Dallas,CENTRAL,23,28,51,17,25,0,2,NO,1,NO,Boston,EASTERN,34,24,58,26,30,0,7,93,114,207,109,98,207,107,105,213,-2.5,0,-4,NO,NO,21,19,16,8,13,26,over,under,under,NO,NO,96.9,96,117.7,4,2,-11.73,-11.13,97.27,86.87,184.14,HOME,HOME,HOME
2019,4-Jan,07:30PM,Fri,1,1,Atlanta,EASTERN,14,29,43,36,33,0,0,NO,2,NO,Milwaukee,CENTRAL,43,33,76,42,26,0,33,112,144,256,119,137,256,116.5,113,230,-8,1,-13.5,NO,YES,26,20,1,2,1,22,over,over,over,NO,NO,112.4,99.6,128.1,5,1,-11.73,-11.13,107.27,125.87,233.14,HOME,0,HOME
2019,4-Jan,06:00PM,Fri,2,1,LAC,PACIFIC,38,30,68,23,30,0,1,NO,1,NO,Phoenix,PACIFIC,19,25,44,34,33,0,-24,121,111,232,112,120,232,120.5,112,235,1.5,-4,4.5,YES,YES,11,4,7,29,26,6,under,over,under,NO,NO,96.5,125.4,115,2,1,-11.73,-11.13,100.27,108.87,209.14,AWAY,HOME,AWAY
2019,4-Jan,07:30PM,Fri,2,2,New York,EASTERN,39,24,63,23,33,0,1,YES,1,NO,LAL,PACIFIC,25,34,59,33,20,0,-4,119,112,231,122,109,231,114,109,222.5,-3,-6,-5.5,NO,NO,28,22,4,13,7,13,over,0,over,NO,NO,107.6,110.6,104.1,9,6,-11.73,-11.13,110.27,97.87,208.14,AWAY,AWAY,AWAY
2019,4-Jan,07:30PM,Fri,1,1,Oklahoma City,CENTRAL,28,29,57,36,18,0,0,NO,2,YES,Portland,PACIFIC,28,34,62,25,22,0,5,111,109,220,119,101,220,114.5,108.5,222,0.5,1.5,1,NO,YES,7,11,27,10,15,15,over,under,under,YES,NO,102.1,108.8,106.8,3,1,-11.73,-11.13,107.27,89.87,197.14,HOME,AWAY,AWAY
2019,5-Jan,03:00PM,Sat,2,0,Charlotte,EASTERN,26,30,56,28,26,0,1,YES,1,YES,Denver,MOUNTAIN,31,27,58,31,34,0,2,110,123,233,114,119,233,112.5,107,218,-5.5,-5,-9,YES,NO,22,8,11,6,17,28,over,over,over,NO,NO,96.8,113.6,127,2,11,-11.73,-11.13,102.27,107.87,210.14,AWAY,HOME,HOME
2019,5-Jan,07:00PM,Sat,0,1,Utah,MOUNTAIN,13,35,48,28,34,0,1,NO,2,YES,Detroit,EASTERN,31,22,53,25,27,0,5,110,105,215,101,114,215,100.5,108.5,209.5,1.5,4,3.5,NO,NO,15,21,25,24,24,18,over,over,over,NO,NO,101,108.9,103.9,6,3,-11.73,-11.13,89.27,102.87,192.14,HOME,AWAY,AWAY
2019,5-Jan,07:30PM,Sat,0,1,Dallas,CENTRAL,26,25,51,19,30,0,2,NO,2,YES,Philadelphia,EASTERN,31,28,59,28,19,0,8,100,106,206,110,96,206,116.5,110.5,227.5,-4,-1,-6.5,NO,YES,21,19,17,4,6,9,under,under,under,NO,NO,100.5,99.5,105.5,5,1,-11.73,-11.13,98.27,84.87,183.14,HOME,AWAY,AWAY
2019,5-Jan,08:00PM,Sat,2,1,New Orleans,CENTRAL,28,33,61,37,35,0,2,NO,0,NO,Cleveland,EASTERN,26,26,52,20,26,0,-9,133,98,231,113,118,231,114.5,107.5,222.5,5,3,9,NO,YES,19,2,5,30,28,10,under,over,over,NO,NO,97.7,136.1,100.3,4,1,-11.73,-11.13,101.27,106.87,208.14,AWAY,AWAY,AWAY
2019,5-Jan,07:30PM,Sat,1,0,Toronto,EASTERN,27,29,56,35,32,0,1,NO,0,NO,Milwaukee,CENTRAL,34,23,57,25,34,0,1,123,116,239,113,126,239,114.5,111.5,227,-3,-3,-5.5,NO,YES,1,7,22,2,1,21,under,over,over,NO,NO,101,121.7,114.8,3,0,-11.73,-11.13,101.27,114.87,216.14,AWAY,AWAY,AWAY
2019,5-Jan,07:30PM,Sat,0,1,Memphis,CENTRAL,25,19,44,22,22,0,1,YES,1,NO,San Antonio,CENTRAL,27,37,64,24,20,0,20,88,108,196,108,88,196,102,100.5,204,-5,1,-8.5,YES,NO,20,29,29,8,13,20,over,under,under,NO,NO,99.6,88.3,108.4,0,3,-11.73,-11.13,96.27,76.87,173.14,HOME,HOME,HOME
2019,5-Jan,07:00PM,Sat,1,1,Houston,CENTRAL,30,16,46,31,24,0,1,NO,0,NO,Portland,PACIFIC,30,29,59,27,24,0,13,101,110,211,105,106,211,111,106.5,219,-1.5,3.5,-2.5,NO,YES,12,18,19,9,15,15,under,under,under,NO,YES,90,112.2,122.2,4,1,-11.73,-11.13,93.27,94.87,188.14,HOME,AWAY,HOME
2019,5-Jan,07:00PM,Sat,1,2,Golden State,PACIFIC,43,27,70,26,31,0,1,NO,1,NO,Sacramento,PACIFIC,29,40,69,34,20,0,-1,127,123,250,139,111,250,122.5,117,238.5,4,5.5,8,YES,YES,3,3,8,17,5,2,over,under,over,NO,YES,96.1,132.2,128,1,2,-11.73,-11.13,127.27,99.87,227.14,HOME,HOME,HOME
2019,6-Jan,02:30PM,Sun,1,0,Brooklyn,EASTERN,28,27,55,33,29,0,2,YES,1,NO,Chicago,CENTRAL,21,34,55,27,18,0,0,117,100,217,110,107,217,100,108.5,207.5,0.5,2,2,NO,NO,14,16,13,27,30,16,over,under,over,YES,NO,93.5,125.1,106.9,3,2,-11.73,-11.13,98.27,95.87,194.14,HOME,AWAY,AWAY
2019,6-Jan,02:30PM,Sun,1,0,LAL,PACIFIC,19,26,45,23,18,0,1,YES,1,NO,Minnesota,CENTRAL,35,29,64,19,25,0,19,86,108,194,109,85,194,114,109,224.5,-4.5,1.5,-8,YES,NO,13,10,12,16,14,14,under,under,under,NO,NO,104.1,82.6,103.8,1,2,-11.73,-11.13,97.27,73.87,171.14,HOME,HOME,HOME
2019,6-Jan,12:30PM,Sun,1,0,Orlando,EASTERN,28,19,47,20,29,0,1,NO,1,YES,LAC,PACIFIC,18,27,45,25,36,0,-2,96,106,202,92,110,202,112.5,107.5,220,-4,-5.5,-6.5,NO,NO,23,27,23,10,4,7,under,over,under,NO,NO,97.8,98.1,108.4,6,5,-11.73,-11.13,80.27,98.87,179.14,AWAY,HOME,HOME
2019,6-Jan,06:00PM,Sun,1,1,Miami,EASTERN,16,21,37,21,24,0,1,YES,1,YES,Atlanta,EASTERN,23,15,38,41,27,0,1,82,106,188,75,113,188,112.5,107,218.5,3.5,5.5,6.5,YES,YES,19,25,24,26,20,1,under,over,under,NO,NO,97.3,84.2,108.9,1,1,-11.73,-11.13,63.27,101.87,165.14,HOME,HOME,HOME
2019,6-Jan,06:00PM,Sun,1,1,Washington,EASTERN,28,26,54,36,26,0,1,NO,1,YES,Oklahoma City,CENTRAL,25,25,50,29,19,0,-4,116,98,214,104,110,214,116.5,110,227.5,-6.5,-9,-10,NO,NO,25,9,3,7,13,25,under,0,under,NO,NO,100.4,115.6,97.6,3,2,-11.73,-11.13,92.27,98.87,191.14,AWAY,AWAY,AWAY
2019,6-Jan,07:30PM,Sun,1,1,Indiana,EASTERN,35,28,63,21,21,0,1,NO,0,YES,Toronto,EASTERN,37,33,70,26,25,0,7,105,121,226,133,93,226,108,106.5,213.5,-0.5,2,-1.5,NO,NO,5,23,30,1,7,22,over,under,over,NO,YES,99.7,105.3,121.3,5,8,-11.73,-11.13,121.27,81.87,203.14,HOME,HOME,HOME
2019,6-Jan,05:00PM,Sun,0,1,Charlotte,EASTERN,29,28,57,28,34,0,1,NO,1,NO,Phoenix,PACIFIC,30,30,60,21,32,0,3,119,113,232,117,115,232,116.5,111,225.5,-0.5,0.5,-1.5,NO,NO,17,8,11,29,26,6,over,over,over,NO,NO,102.8,115.8,109.9,3,10,-11.73,-11.13,105.27,103.87,209.14,HOME,AWAY,AWAY